Old URL,New URL
https://www.consilien.com/leading-trusted-managed-it-services-in-los-angeles,https://consilien.com/leading-trusted-managed-it-services-in-los-angeles
https://www.consilien.com/managed-cybersecurity,https://consilien.com/managed-cybersecurity-los-angeles
https://www.consilien.com/ccpa-understanding-the-increasing-the-costs-of-a-data-breach/,https://consilien.com/news/ccpa-vs.-cpra.-what-you-need-to-know-now.
https://www.consilien.com/about-us/our-commitment,https://consilien.com/about-us-our-commitment
https://www.consilien.com/businesses-close-after-ransomware-attacks-heres-what-you-can-do,https://consilien.com/news/businesses-close-after-ransomware-attacks.-heres-what-you-can-do
https://www.consilien.com/about-us/history/?email=foo-bar@example.com,https://consilien.com/about-us-history
https://www.consilien.com/about-us/history?email=foo-bar@example.com,https://consilien.com/about-us-history
https://www.consilien.com/why-your-printer-is-a-threat-vector,https://consilien.com/news/data-architecture-frameworks-for-businesses-a-key-component-of-digital-transformation
https://www.consilien.com/about-us/our-commitment/,https://consilien.com/about-us-our-commitment
https://www.consilien.com/ccpa-understanding-the-increasing-the-costs-of-a-data-breach,https://consilien.com/news/data-architecture-frameworks-for-businesses-a-key-component-of-digital-transformation
https://www.consilien.com/free-email-migration-assessment,https://consilien.com/news/how-to-manage-an-email-migration
https://www.consilien.com/about-us/history/,https://consilien.com/about-us-history
https://www.consilien.com/why-your-printer-is-a-threat-vector/,https://consilien.com/news/data-architecture-frameworks-for-businesses-a-key-component-of-digital-transformation
https://www.consilien.com/about-us/history,https://consilien.com/about-us-history
https://www.consilien.com/news/category/backup-and-disaster-recovery,https://consilien.com/news/data-architecture-frameworks-for-businesses-a-key-component-of-digital-transformation
https://www.consilien.com/professional-services,https://consilien.com/it-consulting-long-beach
https://www.consilien.com/cyberfit-security-program,https://consilien.com
https://www.consilien.com/the-power-of-on-demand-resources,https://consilien.com/news/data-architecture-frameworks-for-businesses-a-key-component-of-digital-transformation
https://www.consilien.com/contact/thanks,https://consilien.com/contact
https://www.consilien.com/5-reasons-ransomware-is-spreading,https://consilien.com
https://www.consilien.com/the-unfortunate-rise-of-cloud-security-breachesand-what-you-can-do-about-them,https://consilien.com/news/cloud-vs-on-premise-benefits-risks
https://www.consilien.com/ftc-warns-of-coronavirus-phishing-scams/,https://consilien.com/news/ccpa-vs.-cpra.-what-you-need-to-know-now.
https://www.consilien.com/video-hidden-gotchas-with-cyber-liability-insurance-what-you-should-know,https://consilien.com/news/data-architecture-frameworks-for-businesses-a-key-component-of-digital-transformation
https://www.consilien.com/video-how-to-reduce-stress-and-stay-productive-when-working-from-home,https://consilien.com/news/data-architecture-frameworks-for-businesses-a-key-component-of-digital-transformation
https://www.consilien.com/about-us/our-commitment/whom-can-you-trust,https://consilien.com
https://www.consilien.com/about-us/our-commitment/whom-can-you-trust/,https://consilien.com
https://www.consilien.com/news/3-security-threats-to-your-work-from-home-environment-and-what-you-can-do-about-them/1000,https://consilien.com/news/ccpa-vs.-cpra.-what-you-need-to-know-now.
https://www.consilien.com/ftc-warns-of-coronavirus-phishing-scams,https://consilien.com/news/data-architecture-frameworks-for-businesses-a-key-component-of-digital-transformation
https://www.consilien.com/free-assessment,https://consilien.com
https://www.consilien.com/is-your-cloud-safe-from-ransomware,https://consilien.com
https://www.consilien.com/disgruntled-employees-and-cyber-crime,https://consilien.com/managed-it
https://www.consilien.com/6-signs-youre-headed-for-an-epic-crash,https://consilien.com/news/single-sign-on-sso-explained-what-it-is-and-how-it-works
https://www.consilien.com/news/category/cybersecurity,https://consilien.com/news
https://www.consilien.com/cyberfit-security-program/,https://consilien.com/cybersecurity-assessment-services
https://www.consilien.com/video-why-you-must-backup-for-o365-and-gsuite/,https://consilien.com/backup-and-disaster-recovery
https://www.consilien.com/about-us/our-commitment/our-commitment-2/,https://consilien.com
https://www.consilien.com/video-why-you-must-backup-for-o365-and-gsuite,https://consilien.com
https://www.consilien.com/5-reasons-you-should-separate-it-from-infosec,https://consilien.com
https://www.consilien.com/news/category/compliance,https://consilien.com/compliance
https://www.consilien.com/what-cybersecurity-professionals-worry-about,https://consilien.com
https://www.consilien.com/dark-web-alert-how-much-is-your-data-worth,https://consilien.com
https://www.consilien.com/about-us/,https://consilien.com
https://www.consilien.com/malware-attached-to-microsoft-word-documents,https://consilien.com/privacy-policy
https://www.consilien.com/new-phishing-attack-steganography/,https://consilien.com/news/single-sign-on-sso-explained-what-it-is-and-how-it-works
https://www.consilien.com/about-us,https://consilien.com/about-us-history
https://www.consilien.com/new-phishing-attack-steganography,https://consilien.com/news/single-sign-on-sso-explained-what-it-is-and-how-it-works
https://www.consilien.com/video-how-to-create-a-crisis-pr-plan,https://consilien.com/tfs
https://www.consilien.com/is-your-cloud-safe-from-ransomware/,https://consilien.com/cloud-services-los-angeles
https://www.consilien.com/could-your-employees-identify-a-spear-phishing-email,https://consilien.com/managed-it
https://www.consilien.com/assessment,https://consilien.com/cybersecurity-assessment-services
https://www.consilien.com/security-for-office-365/,https://consilien.com/news/data-architecture-frameworks-for-businesses-a-key-component-of-digital-transformation
https://www.consilien.com/security-for-office-365,https://consilien.com/tfs
https://www.consilien.com/faqs/pay-copies-microsoft-office-software,https://consilien.com
https://www.consilien.com/press,https://consilien.com/tfs
https://www.consilien.com/5-reasons-you-should-separate-it-from-infosec/,https://consilien.com/news/shedding-light-on-shadow-it-and-how-to-handle-it-in-your-business
https://www.consilien.com/protect-your-organization-from-paper-hacking,https://consilien.com/backup-and-disaster-recovery
https://www.consilien.com/doj-forces-patches-on-private-companies-exchange-servers/,https://consilien.com/backup-and-disaster-recovery
https://www.consilien.com/5-ways-to-protect-your-business-from-malware-ransomware-and-reputation-loss/,https://consilien.com/news/businesses-close-after-ransomware-attacks.-heres-what-you-can-do
https://www.consilien.com/free-assessment/,https://consilien.com/news/secure-your-business-with-cybersecurity-services-in-long-beach
https://www.consilien.com/5-ways-to-protect-your-business-from-malware-ransomware-and-reputation-loss,https://consilien.com/news/businesses-close-after-ransomware-attacks.-heres-what-you-can-do
https://www.consilien.com/press/,https://consilien.com
https://www.consilien.com/security-update-logmein-and-lastpast-phishing-scam,https://consilien.com/managed-it
https://www.consilien.com/doj-forces-patches-on-private-companies-exchange-servers,https://consilien.com
https://www.consilien.com/security-update-logmein-and-lastpast-phishing-scam/,https://consilien.com
https://www.consilien.com/free-download-security-risk-assessment,https://consilien.com
https://www.consilien.com/free-download-security-risk-assessment/,https://consilien.com
https://www.consilien.com/how-your-employees-social-media-accounts-put-your-business-at-risk,https://consilien.com
https://www.consilien.com/subscribe,https://consilien.com